de7E,Mexico,10
de8E,USA,9
de7E,Colombia,5
de8E,Mexico,5
de7E,USA,6
de8E,Argentina,67
de7E,Mexico,10
de8E,USA,9
de7E,Colombia,5
de8E,Mexico,5
de7E,USA,6
de8E,Colombia,67
de7E,Mexico,10
de8E,USA,9
de7E,Colombia,5
de8E,Mexico,5
de7E,USA,6
de8E,Colombia,67
de7E,Mexico,10
de8E,USA,9
de7E,Colombia,5
de8E,Argentina,5
de7E,USA,6
de8E,Colombia,67
de7E,Mexico,10
de8E,USA,9
de7E,Colombia,5
de8E,Mexico,5
de7E,USA,6
de8E,Colombia,67
de7E,Mexico,10
de8E,USA,9
de7E,Colombia,5
de8E,Mexico,5
de7E,USA,6
de8E,Colombia,67
de7E,Mexico,10
de8E,USA,9
de7E,Colombia,5
de8E,Mexico,5
de7E,USA,6
de8E,Colombia,67
de7E,Mexico,10
de8E,USA,9
de7E,Colombia,5
de8E,Mexico,5
de7E,USA,6
de8E,Colombia,67
de7E,Mexico,10
de8E,USA,9
de7E,Colombia,5
de8E,Mexico,5
de7E,USA,6
de8E,Colombia,67
de7E,Mexico,10
de8E,USA,9
de7E,Colombia,5
de8E,Mexico,5
de7E,USA,6
de7E,Colombia,67
de8E,Mexico,10
de7E,USA,9
de8E,Colombia,5
de7E,Mexico,5
de8E,USA,6